{
    "train_time_per_epoch": [
        22.1131854057312,
        16.688763856887817,
        16.37381339073181,
        16.388432264328003,
        16.676854848861694,
        16.39785599708557,
        16.366153717041016,
        16.397758960723877,
        16.363438606262207,
        16.379337072372437,
        16.659180641174316,
        16.37273621559143,
        16.49720048904419,
        16.39262104034424,
        16.381321907043457,
        16.37480401992798,
        16.67866349220276,
        16.374974250793457,
        16.373029708862305,
        16.688551664352417,
        16.36999535560608,
        16.366994619369507,
        16.68723750114441,
        16.37926483154297,
        16.67396116256714,
        16.406666040420532,
        16.378222227096558,
        16.50540542602539,
        16.365773677825928,
        16.399024724960327
    ],
    "train_loss_per_epoch": [
        7.777816593647003,
        6.092222368717193,
        5.6478111982345585,
        5.288034653663635,
        5.0434290766716,
        4.87077763080597,
        4.713834547996521,
        4.5958659768104555,
        4.494289207458496,
        4.394792830944061,
        4.296624541282654,
        4.189104187488556,
        4.109638124704361,
        4.005914485454559,
        3.905827796459198,
        3.809571146965027,
        3.7062603712081907,
        3.6163019239902496,
        3.499569743871689,
        3.3885906457901003,
        3.2688288629055022,
        3.162775141000748,
        3.045893967151642,
        2.928343600034714,
        2.8162847638130186,
        2.7007971346378326,
        2.5869902193546297,
        2.4748904168605805,
        2.3651678383350374,
        2.263130223751068
    ],
    "val_loss_per_epoch": [
        6.502052068710327,
        6.016244888305664,
        5.707048654556274,
        5.524885177612305,
        5.411441326141357,
        5.32555890083313,
        5.2822184562683105,
        5.226253271102905,
        5.203118324279785,
        5.2004899978637695,
        5.193074941635132,
        5.182779312133789,
        5.185136079788208,
        5.200154781341553,
        5.230327129364014,
        5.239087343215942,
        5.30799126625061,
        5.303036212921143,
        5.350787401199341,
        5.38838267326355,
        5.45227313041687,
        5.509180307388306,
        5.557804346084595,
        5.648371696472168,
        5.672459125518799,
        5.7740113735198975,
        5.808350563049316,
        5.899468421936035,
        5.972582817077637,
        6.042356014251709
    ],
    "inference_latency": [
        3.9930224418640137
    ],
    "inference_throughput": [
        64.11183601575118
    ],
    "max_memory_usage": [
        11955.8154296875
    ],
    "seq_length_feasible": [
        1024
    ],
    "gpus_tested": [
        4
    ],
    "train_throughput": [
        14494.157857371876,
        19205.257066880822,
        19574.67038078141,
        19557.20930656953,
        19218.971616933937,
        19545.969915638078,
        19583.831701780462,
        19546.085582041695,
        19587.081157706158,
        19568.069121711775,
        19239.361581075147,
        19575.95821367859,
        19428.266039007794,
        19552.211889189708,
        19565.69816640926,
        19573.486168746815,
        19216.887501198085,
        19573.282686809078,
        19575.60730660099,
        19205.501258963635,
        19579.235854226266,
        19582.82552501669,
        19207.01374197013,
        19568.155426778514,
        19222.30697763324,
        19535.47413047634,
        19569.401095909947,
        19418.608130317305,
        19584.28646940556,
        19544.57691085501
    ]
}