{
    "train_time_per_epoch": [
        14.492951393127441,
        9.218005895614624,
        9.21407675743103,
        9.228649854660034,
        9.157108068466187,
        9.241886377334595,
        9.213842868804932,
        9.21834397315979,
        9.16549015045166,
        9.204025506973267,
        9.221367359161377,
        9.222014427185059,
        9.15900444984436,
        9.222118616104126,
        9.203179836273193,
        9.226101636886597,
        9.155441761016846,
        9.212111949920654,
        9.215543746948242,
        9.221362829208374,
        9.164605379104614,
        9.206986904144287,
        9.211280822753906,
        9.239777565002441,
        9.149861812591553,
        9.221678018569946,
        9.20919156074524,
        9.221915245056152,
        9.16594934463501,
        9.209140062332153
    ],
    "train_loss_per_epoch": [
        9.900712025316455,
        8.329212816455696,
        7.425385680379747,
        6.736006724683544,
        6.323872626582278,
        6.116099683544304,
        5.989369066455696,
        5.87020371835443,
        5.73076542721519,
        5.5909810126582276,
        5.4636075949367084,
        5.3493374208860756,
        5.252422863924051,
        5.169847705696203,
        5.090684335443038,
        5.019926819620253,
        4.961184731012659,
        4.9050138449367084,
        4.849485759493671,
        4.79717167721519,
        4.756873022151899,
        4.7088113132911396,
        4.667029272151899,
        4.621934335443038,
        4.592217167721519,
        4.5493225870253164,
        4.5091722705696204,
        4.470233386075949,
        4.443507713607595,
        4.403332674050633
    ],
    "val_loss_per_epoch": [
        8.77734375,
        7.814453125,
        7.04296875,
        6.55859375,
        6.30078125,
        6.17578125,
        6.083984375,
        6.009765625,
        5.8671875,
        5.779296875,
        5.685546875,
        5.640625,
        5.548828125,
        5.521484375,
        5.470703125,
        5.45703125,
        5.3984375,
        5.388671875,
        5.3671875,
        5.37109375,
        5.30859375,
        5.31640625,
        5.30078125,
        5.298828125,
        5.2578125,
        5.265625,
        5.25390625,
        5.259765625,
        5.228515625,
        5.23046875
    ],
    "inference_latency": [
        2.6217429637908936
    ],
    "inference_throughput": [
        97.64496502351182
    ],
    "max_memory_usage": [
        9757.23095703125
    ],
    "seq_length_feasible": [
        1024
    ],
    "gpus_tested": [
        4
    ],
    "train_throughput": [
        22115.02621557034,
        34770.20991627706,
        34785.03689927603,
        34730.10733397329,
        35001.44342554272,
        34680.36577316559,
        34785.919899410175,
        34768.93473851762,
        34969.43368426463,
        34823.0238776685,
        34757.53513729969,
        34755.096354564426,
        34994.196340350776,
        34754.70370119789,
        34826.223729405094,
        34739.69967104749,
        35007.81375342422,
        34792.45603422792,
        34779.499593405824,
        34757.55221178245,
        34972.80971101826,
        34811.82316613591,
        34795.5953322218,
        34688.280940225784,
        35029.16290592809,
        34756.36422726712,
        34803.48930585858,
        34755.470147247965,
        34967.68179147763,
        34803.683930379106
    ]
}